id,platform,remark,url_link
1,YouTube,アイワナビーフリー,https://youtu.be/OsrGKvCaL4Q?si=Y04UIe8deKJNFX8i
2,YouTube,東京,https://youtu.be/cY7Kfu0vc0A?si=fQeFsB2ZWcFohWE-
3,YouTube,フロップニク,https://youtu.be/xSwUJ66nuNk?si=iRxCl8Uibeu-b0aP
4,YouTube,常夜燈,https://youtu.be/OZpv_AcPCKg?si=AvcYCJCHQMcyGB_I
5,YouTube,BUTTER COOKIES,https://youtu.be/gmaN7xz0GeY?si=EPg_YYxjWkyRbEju
6,YouTube,113号室,https://youtu.be/4ewLWtoDhjQ?si=qL37Q1OCs2LWZHWa
7,YouTube,ラヴ・ソング,https://youtu.be/5_ucK-pxhQA?si=HHwm2s4bW7od2WWP
8,YouTube,ゴースト,https://youtu.be/n4ua31jGzD0?si=BkpXkx53uOWFxaiI
9,YouTube,PEOPLE,https://youtu.be/-1hbIieOZcg?si=MOi4bJa6CP-ZKaqY
10,YouTube,BLT フロップニク,https://youtu.be/PNGtPFJNgJM?si=fHAfcku4XT-kN0dB
11,YouTube,怪獣,https://youtu.be/7Y9rl_Uooak?si=wMvEZ-d7K1BznVIb
12,YouTube,スクール!!,https://youtu.be/GwusDePzZq8?si=-O-dtn5ruKEntHAs
13,YouTube,魔法の歌,https://youtu.be/7EiQnMK0-R4?si=voERAZflFDtRUhTp
14,YouTube,僕の心,https://youtu.be/a-xQCcNeZgw?si=SqVzYMSnWIDpWN4G
15,YouTube,ベッドルーム大衆音楽（20211220 O-EAST）アイワナビーフリー,https://youtu.be/zMEQAIRqfAE?si=l_wPlcr42ugQ_xGX
16,YouTube,銃の部品,https://youtu.be/uwhDmk-aPP0?si=PJfj76UBjuO55hLh
17,YouTube,YOUNG TOWN,https://youtu.be/584WpdAeKjg?si=x45NcYNS-Xl5f8gP
18,YouTube,Deadstock,https://youtu.be/pB4Bl5kDWck?si=V_fL_LgLY9nN0Guf
19,YouTube,DOGLAND,https://youtu.be/ba8XoFqIJVY?si=ciBkkXEdzNzH6UE_
20,YouTube,Ratpark,https://youtu.be/j5J95XD5mvQ?si=Q6dOvJNdiy3Tqw4n
21,YouTube,GOLD,https://youtu.be/Cnx03FzveUg?si=AJcE-g1VYEzmuPKc
22,YouTube,嘘だらけのPEOPLE 1（20221120 ZeppHaneda） スクール!!,https://youtu.be/oBeAnU_fk3s?si=XGweZT_2AQdQJt2U
23,YouTube,嘘だらけのPEOPLE 1（20221120 ZeppHaneda） エッジワース・カイパーベルト,https://youtu.be/_hzeg5HI7m8?si=1mGjB8aI_9HuWUix
24,YouTube,closer,https://youtu.be/ZJMv0eCDFvc?si=IGEI9e2nX5N_1i79
25,YouTube,PEOPLE SAVE THE MACHINE,https://youtu.be/vlI6gfzikOk?si=kx_g2aAeZTbNRs7K
26,YouTube,PEOPLE SAVE THE FxxxING WORLD,https://youtu.be/HcnU4evTKHk?si=OZrfVyH0x_ltK5s8
27,YouTube,ドキドキする,https://youtu.be/mjFAQva3r4Y?si=GTioo0Hs0vBz1rSO
28,YouTube,ハートブレイク・ダンスミュージック,https://youtu.be/DExEdzJOs4w?si=FuRYgBeCdwCHhiR5
29,YouTube,星巡り君に金星 Teaser,https://youtu.be/dwO52kjlZCI?si=72QWioWOYptPBM1T
30,YouTube,鈴々,https://youtu.be/7synqOiMORc?si=5oT12iJeJhQPmWAY
31,YouTube,高円寺にて,https://youtu.be/0x10QFiv0qU?si=jOI8CMukasftA-gK
32,YouTube,続LOVE2 犬園、常夜燈,https://youtu.be/F7DQkziK8y8?si=AWsDqVZEigGQOhaZ
33,YouTube,さよなら僕ぱ 銃、鈴々,https://youtu.be/sl6zvMC16QM?si=M5HHsn2V80hm_SDE
34,YouTube,続LOVE2 怪獣 113号室,https://youtu.be/dj_RNAfuvtU?si=ld1vA9-swQYtTEQ0
35,YouTube,さよなら僕ぱ 魔法の歌 GOLD,https://youtu.be/hmd2C8l_BQI?si=NuluezrZvMmIY7-p
36,YouTube,idiot,https://youtu.be/QgNwDNNFK1o?si=R4Bk7P13yUcrazaj
37,YouTube,メリバ,https://youtu.be/R8Xp6z5DGlo?si=2OnildvDacYonJaV
38,YouTubeMusic,エッジワース・カイパーベルト,https://youtu.be/o0__pDIipf8?si=_kNf5LWF6fCiVTdJ
39,YouTubeMusic,紫陽花,https://youtu.be/imHLUW94lrM?si=NlScvwP1BEbKmF4H
40,YouTubeMusic,さよならミュージック,https://youtu.be/Ey9LI6I9Gr0?si=iKLZddSdAnu6mmGM
41,YouTubeMusic,夏は巡る,https://youtu.be/K7h1WF73YwM?si=E6APS3DwLYJJhzZ9
42,YouTubeMusic,スラップスティック・ガール,https://youtu.be/clLgrNUJxfU?si=8c0iemAK9N3Apgmx
43,YouTubeMusic,悪玉みたいに,https://youtu.be/goTjawxpT1A?si=zpYWcDyO0TGAuTY1
44,YouTubeMusic,ライカ,https://youtu.be/39owJHkGQso?si=rc7y1tK0PXYpgyX9
45,YouTubeMusic,イマジネーションは尽きない,https://youtu.be/D4XuJTyu5bI?si=pq3LKmzPKOnj1J_P
46,YouTubeMusic,君に金星,https://youtu.be/LhSAdMJ6Gp0?si=RzspAA9MlMrF5jRN
47,YouTubeMusic,バンド,https://youtu.be/FKuWEq5xusE?si=_67V6HK7b9Xijm9w
48,YouTubeMusic,PEOPLE 2,https://youtu.be/MMSAr4lSyCQ?si=6s5u2PgvFsc0Jxrh
49,YouTubeMusic,Intro -You mean the world to me-,https://youtu.be/xaQ4j-r_H_Y?si=iLHOIBUA-TDCnBrA
50,YouTubeMusic,Outro (Because I Love You),https://youtu.be/7xd-VHzTpPI?si=6u_Qd9FzRhkwM_Pd
51,YouTubeMusic,Re:銃の部品,https://youtu.be/WVcIjlJZZog?si=9wq44peRu8N8oDDS
52,YouTubeMusic,Re:Deadstock,https://youtu.be/ggpjPZZdP08?si=ijVIZ3RRrXDDJ0eo
53,YouTubeMusic,愛について,https://youtu.be/erGGoxjQXlI?si=yL4MMaO3ICanBt7k
54,TikTok,怪獣（オリジナルMV）,https://www.tiktok.com/@ppppeople1/video/7048208521262796033?is_from_webapp=1&sender_device=pc&web_id=7447740561253926407
55,TikTok,ラヴ・ソング（Itoさん弾き語り）,https://www.tiktok.com/@ppppeople1/video/7051186988803738882?is_from_webapp=1&sender_device=pc&web_id=7447740561253926407
56,TikTok,魔法の歌（Itoさん弾き語り）,https://www.tiktok.com/@ppppeople1/video/7055275383943351554?is_from_webapp=1&sender_device=pc&web_id=7447740561253926407
57,TikTok,東京（Itoさん弾き語り）,https://www.tiktok.com/@ppppeople1/video/7057112633572461826?is_from_webapp=1&sender_device=pc&web_id=7447740561253926407
58,TikTok,僕の心（Itoさん弾き語り）,https://www.tiktok.com/@ppppeople1/video/7059716502299086082?is_from_webapp=1&sender_device=pc&web_id=7447740561253926407
59,TikTok,113号室（オリジナルMV）,https://www.tiktok.com/@ppppeople1/video/7063081441122553089?is_from_webapp=1&sender_device=pc&web_id=7447740561253926407
60,TikTok,エッジワース・カイパーベルト（オリジナルMV）,https://www.tiktok.com/@ppppeople1/video/7063738831756938497?is_from_webapp=1&sender_device=pc&web_id=7447740561253926407
61,TikTok,スラップスティックガール（オリジナルMV）,https://www.tiktok.com/@ppppeople1/video/7074187233321864450?is_from_webapp=1&sender_device=pc&web_id=7447740561253926407
62,TikTok,エッジワース・カイパーベルト（Deuさん弾き語り）,https://www.tiktok.com/@ppppeople1/video/7080842544837430530?is_from_webapp=1&sender_device=pc&web_id=7447740561253926407
63,TikTok,怪獣（Itoさん弾き語り）,https://www.tiktok.com/@ppppeople1/video/7089787493511449857?is_from_webapp=1&sender_device=pc&web_id=7447740561253926407
64,TikTok,BUTTER COOKIES（Itoさん弾き語り）,https://www.tiktok.com/@ppppeople1/video/7091280222947003649?is_from_webapp=1&sender_device=pc&web_id=7447740561253926407
65,TikTok,ゴースト（Itoさん弾き語り）,https://www.tiktok.com/@ppppeople1/video/7091615896510172417?is_from_webapp=1&sender_device=pc&web_id=7447740561253926407
66,TikTok,悪魂みたいに（オリジナルMV）,https://www.tiktok.com/@ppppeople1/video/7104996402807278849?is_from_webapp=1&sender_device=pc&web_id=7447740561253926407
67,TikTok,銃の部品（PEOPLE+ライブ映像）,https://www.tiktok.com/@ppppeople1/video/7128321340423081217?is_from_webapp=1&sender_device=pc&web_id=7447740561253926407
68,TikTok,スクール!!（嘘だらけのPEOPLE 1ライブ映像）,https://www.tiktok.com/@ppppeople1/video/7167305261256838402?is_from_webapp=1&sender_device=pc&web_id=7447740561253926407
69,TikTok,DOGLAND（嘘だらけのPEOPLE 1ライブ映像）,https://www.tiktok.com/@ppppeople1/video/7176968584021691650?is_from_webapp=1&sender_device=pc&web_id=7447740561253926407
70,TikTok,紫陽花（PSTFW ライブ映像）,https://www.tiktok.com/@ppppeople1/video/7194410391068232961?is_from_webapp=1&sender_device=pc&web_id=7447740561253926407
71,TikTok,Deadstock（Itoさん弾き語り）,https://www.tiktok.com/@ppppeople1/video/7202214482100210946?is_from_webapp=1&sender_device=pc&web_id=7447740561253926407
72,TikTok,PSTFW PV,https://www.tiktok.com/@ppppeople1/video/7202837413905845506?is_from_webapp=1&sender_device=pc&web_id=7447740561253926407
73,TikTok,常夜燈（BLT）,https://www.tiktok.com/@ppppeople1/video/7211853221000645889?is_from_webapp=1&sender_device=pc&web_id=7447740561253926407
74,TikTok,怪獣（ベッドルーム大衆音楽）,https://www.tiktok.com/@ppppeople1/video/7222626334156147969?is_from_webapp=1&sender_device=pc&web_id=7447740561253926407
75,TikTok,PSTFW Trailer,https://www.tiktok.com/@ppppeople1/video/7224475049615576322?is_from_webapp=1&sender_device=pc&web_id=7447740561253926407
76,TikTok,PSTFW グッズ映像,https://www.tiktok.com/@ppppeople1/video/7228534344187448577?is_from_webapp=1&sender_device=pc&web_id=7447740561253926407
77,TikTok,エッジワース・カイパーベルト（JJ2023）,https://www.tiktok.com/@ppppeople1/video/7230356759376973058?is_from_webapp=1&sender_device=pc&web_id=7447740561253926407
78,TikTok,怪獣（JJ2023）,https://www.tiktok.com/@ppppeople1/video/7231134949661871386?is_from_webapp=1&sender_device=pc&web_id=7447740561253926407
79,TikTok,PSTFW Trailer,https://www.tiktok.com/@ppppeople1/video/7232964076572347649?is_from_webapp=1&sender_device=pc&web_id=7447740561253926407
80,TikTok,魔法の歌（ベッドルーム大衆音楽）,https://www.tiktok.com/@ppppeople1/video/7235092338631085313?is_from_webapp=1&sender_device=pc&web_id=7447740561253926407
81,TikTok,PSTFW Trailer,https://www.tiktok.com/@ppppeople1/video/7235315682349419777?is_from_webapp=1&sender_device=pc&web_id=7447740561253926407
82,TikTok,PSTFW（新潟公演）,https://www.tiktok.com/@ppppeople1/video/7235664558977862913?is_from_webapp=1&sender_device=pc&web_id=7447740561253926407
83,TikTok,PSTFW（仙台公演）,https://www.tiktok.com/@ppppeople1/video/7238278062440189186?is_from_webapp=1&sender_device=pc&web_id=7447740561253926407
84,TikTok,PSTFW（札幌公演）,https://www.tiktok.com/@ppppeople1/video/7241153070300712193?is_from_webapp=1&sender_device=pc&web_id=7447740561253926407
85,TikTok,PSTFW（香川公演）,https://www.tiktok.com/@ppppeople1/video/7243084431689272577?is_from_webapp=1&sender_device=pc&web_id=7447740561253926407
86,TikTok,アルエ（PSTFW広島公演）,https://www.tiktok.com/@ppppeople1/video/7243768275254021378?is_from_webapp=1&sender_device=pc&web_id=7447740561253926407
87,TikTok,PSTFW（広島公演）,https://www.tiktok.com/@ppppeople1/video/7244411985817767169?is_from_webapp=1&sender_device=pc&web_id=7447740561253926407
88,TikTok,PSTFW（名古屋公演）,https://www.tiktok.com/@ppppeople1/video/7247465763508997377?is_from_webapp=1&sender_device=pc&web_id=7447740561253926407
89,TikTok,PSTFW（福岡公演）,https://www.tiktok.com/@ppppeople1/video/7249299104264654081?is_from_webapp=1&sender_device=pc&web_id=7447740561253926407
90,TikTok,PSTFW（羽田公演）,https://www.tiktok.com/@ppppeople1/video/7253047913306148098?is_from_webapp=1&sender_device=pc&web_id=7447740561253926407
91,TikTok,夏は巡る（PSTFW）,https://www.tiktok.com/@ppppeople1/video/7254022660152167682?is_from_webapp=1&sender_device=pc&web_id=7447740561253926407
92,TikTok,DOGLAND（PSTFW広島）,https://www.tiktok.com/@ppppeople1/video/7254507214906445057?is_from_webapp=1&sender_device=pc&web_id=7447740561253926407
93,TikTok,アイワナビーフリー（PSTFW東京二日目）,https://www.tiktok.com/@ppppeople1/video/7254886851792719105?is_from_webapp=1&sender_device=pc&web_id=7447740561253926407
94,TikTok,エッジワース・カイパーベルト（PSTFW東京二日目）,https://www.tiktok.com/@ppppeople1/video/7255272408372808961?is_from_webapp=1&sender_device=pc&web_id=7447740561253926407
95,TikTok,ゴースト（PSTFW大阪）,https://www.tiktok.com/@ppppeople1/video/7255626623490313474?is_from_webapp=1&sender_device=pc&web_id=7447740561253926407
96,TikTok,イマジネーションは尽きない（PSTFW東京二日目）,https://www.tiktok.com/@ppppeople1/video/7256043610242682113?is_from_webapp=1&sender_device=pc&web_id=7447740561253926407
97,TikTok,DOGLAND（PSTFW福岡）,https://www.tiktok.com/@ppppeople1/video/7257114169848253698?is_from_webapp=1&sender_device=pc&web_id=7447740561253926407
98,TikTok,DOGLAND（PSTFW福岡）,https://www.tiktok.com/@ppppeople1/video/7257491085830688001?is_from_webapp=1&sender_device=pc&web_id=7447740561253926407
99,TikTok,DOGLAND（PSTFW福岡）,https://www.tiktok.com/@ppppeople1/video/7257863380508216577?is_from_webapp=1&sender_device=pc&web_id=7447740561253926407
100,TikTok,DOGLAND（PSTFW福岡）,https://www.tiktok.com/@ppppeople1/video/7258239039000612097?is_from_webapp=1&sender_device=pc&web_id=7447740561253926407
101,TikTok,DOGLAND（NUMBERSHOT2023）,https://www.tiktok.com/@ppppeople1/video/7258962015337680130?is_from_webapp=1&sender_device=pc&web_id=7447740561253926407
102,TikTok,夏は巡る（NUMBERSHOT2023）,https://www.tiktok.com/@ppppeople1/video/7259381340393475330?is_from_webapp=1&sender_device=pc&web_id=7447740561253926407
103,TikTok,怪獣（PSTFW大阪）,https://www.tiktok.com/@ppppeople1/video/7259712454958042369?is_from_webapp=1&sender_device=pc&web_id=7447740561253926407
104,TikTok,銃の部品（PSTFW）,https://www.tiktok.com/@ppppeople1/video/7260452973157944577?is_from_webapp=1&sender_device=pc&web_id=7447740561253926407
105,TikTok,魔法の歌（NUMBERSHOT2023）,https://www.tiktok.com/@ppppeople1/video/7260835392809716994?is_from_webapp=1&sender_device=pc&web_id=7447740561253926407
106,TikTok,PSTFW（羽田）,https://www.tiktok.com/@ppppeople1/video/7261201764995599617?is_from_webapp=1&sender_device=pc&web_id=7447740561253926407
107,TikTok,Ratpark（PSTFW東京初日）,https://www.tiktok.com/@ppppeople1/video/7261573650950671618?is_from_webapp=1&sender_device=pc&web_id=7447740561253926407
108,TikTok,フロップニク（PSTFW東京二日目）,https://www.tiktok.com/@ppppeople1/video/7261969132269079809?is_from_webapp=1&sender_device=pc&web_id=7447740561253926407
109,TikTok,DOGLAND（NUMBERSHOT2023）,https://www.tiktok.com/@ppppeople1/video/7262296890312559873?is_from_webapp=1&sender_device=pc&web_id=7447740561253926407
110,TikTok,スクール!!（嘘P大阪）,https://www.tiktok.com/@ppppeople1/video/7263062208299535618?is_from_webapp=1&sender_device=pc&web_id=7447740561253926407
111,TikTok,夏は巡る（PSTFW東京初日）,https://www.tiktok.com/@ppppeople1/video/7263446107517209858?is_from_webapp=1&sender_device=pc&web_id=7447740561253926407
112,TikTok,GOLD（NUMBERSHOT2023）,https://www.tiktok.com/@ppppeople1/video/7264130565106945282?is_from_webapp=1&sender_device=pc&web_id=7447740561253926407
113,TikTok,銃の部品（PSTFW）,https://www.tiktok.com/@ppppeople1/video/7264535470711885058?is_from_webapp=1&sender_device=pc&web_id=7447740561253926407
114,TikTok,DOGLAND（NUMBERSHOT2023）,https://www.tiktok.com/@ppppeople1/video/7264905384609975554?is_from_webapp=1&sender_device=pc&web_id=7447740561253926407
115,TikTok,怪獣（HIGHHIGHHIGH）,https://www.tiktok.com/@ppppeople1/video/7265660377201970434?is_from_webapp=1&sender_device=pc&web_id=7447740561253926407
116,TikTok,DOGLAND（ライジング）,https://www.tiktok.com/@ppppeople1/video/7266048726454652161?is_from_webapp=1&sender_device=pc&web_id=7447740561253926407
117,TikTok,常夜燈（ロッキン2023）,https://www.tiktok.com/@ppppeople1/video/7267110983737363713?is_from_webapp=1&sender_device=pc&web_id=7447740561253926407
118,TikTok,常夜燈（ロッキン2023）,https://www.tiktok.com/@ppppeople1/video/7267481792821710081?is_from_webapp=1&sender_device=pc&web_id=7447740561253926407
119,TikTok,犬園（PSTFW）,https://www.tiktok.com/@ppppeople1/video/7267877985703841026?is_from_webapp=1&sender_device=pc&web_id=7447740561253926407
120,TikTok,怪獣（ライブ映像、どのライブかは不明）,https://www.tiktok.com/@ppppeople1/video/7268251365661510914?is_from_webapp=1&sender_device=pc&web_id=7447740561253926407
121,TikTok,夏は巡る（モンバス2023）,https://www.tiktok.com/@ppppeople1/video/7268990032411725058?is_from_webapp=1&sender_device=pc&web_id=7447740561253926407
122,TikTok,怪獣（スカイジャンボリー）,https://www.tiktok.com/@ppppeople1/video/7269395575852764417?is_from_webapp=1&sender_device=pc&web_id=7447740561253926407
123,TikTok,DOGLAND（ロッキン2023）,https://www.tiktok.com/@ppppeople1/video/7269742097471917314?is_from_webapp=1&sender_device=pc&web_id=7447740561253926407
124,TikTok,エッジワースカイパーベルト（ラブシャ2023）,https://www.tiktok.com/@ppppeople1/video/7271215147920739586?is_from_webapp=1&sender_device=pc&web_id=7447740561253926407
125,TikTok,スクール!!（PSTFW東京二日目）,https://www.tiktok.com/@ppppeople1/video/7271591365144874241?is_from_webapp=1&sender_device=pc&web_id=7447740561253926407
126,TikTok,DOGLAND（PSTFW？）,https://www.tiktok.com/@ppppeople1/video/7274133000487472385?is_from_webapp=1&sender_device=pc&web_id=7447740561253926407
127,TikTok,夏は巡る（PSTFW）,https://www.tiktok.com/@ppppeople1/video/7276811808726404353?is_from_webapp=1&sender_device=pc&web_id=7447740561253926407
128,TikTok,DOGLAND（PSTFW）,https://www.tiktok.com/@ppppeople1/video/7277162269631401217?is_from_webapp=1&sender_device=pc&web_id=7447740561253926407
129,TikTok,銃の部品（PEOPLE+）,https://www.tiktok.com/@ppppeople1/video/7278603664099462402?is_from_webapp=1&sender_device=pc&web_id=7447740561253926407
130,TikTok,常夜燈（ベッドルーム大衆音楽）,https://www.tiktok.com/@ppppeople1/video/7279011585761217794?is_from_webapp=1&sender_device=pc&web_id=7447740561253926407
131,TikTok,紫陽花（PSTFW ライブ映像）,https://www.tiktok.com/@ppppeople1/video/7279413303686860033?is_from_webapp=1&sender_device=pc&web_id=7447740561253926407
132,TikTok,フロップニク（ミララボ2023）,https://www.tiktok.com/@ppppeople1/video/7280152159595842817?is_from_webapp=1&sender_device=pc&web_id=7447740561253926407
133,TikTok,エッジワース・カイパーベルト（ミララボ2023）,https://www.tiktok.com/@ppppeople1/video/7280841665617743106?is_from_webapp=1&sender_device=pc&web_id=7447740561253926407
134,TikTok,犬園（ライブ映像、どのライブかは不明）,https://www.tiktok.com/@ppppeople1/video/7281613890385988866?is_from_webapp=1&sender_device=pc&web_id=7447740561253926407
135,TikTok,フロップニク（嘘P ZeppHaneda）,https://www.tiktok.com/@ppppeople1/video/7282727370182675714?is_from_webapp=1&sender_device=pc&web_id=7447740561253926407
136,TikTok,常夜燈（嘘P ZeppHaneda）,https://www.tiktok.com/@ppppeople1/video/7283098209541442818?is_from_webapp=1&sender_device=pc&web_id=7447740561253926407
137,TikTok,銃の部品（嘘P）,https://www.tiktok.com/@ppppeople1/video/7284598779129466114?is_from_webapp=1&sender_device=pc&web_id=7447740561253926407
138,TikTok,犬園（嘘P ZeppYokohama）,https://www.tiktok.com/@ppppeople1/video/7284955962614615298?is_from_webapp=1&sender_device=pc&web_id=7447740561253926407
139,TikTok,ラヴ・ソング（嘘P ZeppHaneda）,https://www.tiktok.com/@ppppeople1/video/7291285340562803969?is_from_webapp=1&sender_device=pc&web_id=7447740561253926407
140,TikTok,魔法の歌（嘘P）,https://www.tiktok.com/@ppppeople1/video/7294971817477852417?is_from_webapp=1&sender_device=pc&web_id=7447740561253926407
141,TikTok,YOUNG TOWN（嘘P）,https://www.tiktok.com/@ppppeople1/video/7295324013369330945?is_from_webapp=1&sender_device=pc&web_id=7447740561253926407
142,TikTok,東京（嘘P）,https://www.tiktok.com/@ppppeople1/video/7296457243682196737?is_from_webapp=1&sender_device=pc&web_id=7447740561253926407
143,TikTok,フロップニク（PSTFW ZeppDiversityTokyo),https://www.tiktok.com/@ppppeople1/video/7297164975662058753?is_from_webapp=1&sender_device=pc&web_id=7447740561253926407
144,TikTok,夏は巡る（PSTFW ZeppDiversityTokyo）,https://www.tiktok.com/@ppppeople1/video/7297953035161046274?is_from_webapp=1&sender_device=pc&web_id=7447740561253926407
145,TikTok,GOLD（PSTFW ZeppDiversityTokyo）,https://www.tiktok.com/@ppppeople1/video/7300193349544283393?is_from_webapp=1&sender_device=pc&web_id=7447740561253926407
146,TikTok,LOVE2 ティザー,https://www.tiktok.com/@ppppeople1/video/7302013330342890754?is_from_webapp=1&sender_device=pc&web_id=7447740561253926407
147,TikTok,僕ぱ　ティザー,https://www.tiktok.com/@ppppeople1/video/7303865337706040578?is_from_webapp=1&sender_device=pc&web_id=7447740561253926407
148,TikTok,HBDM（レディクレ2023）,https://www.tiktok.com/@ppppeople1/video/7317571051745987842?is_from_webapp=1&sender_device=pc&web_id=7447740561253926407
149,TikTok,エッジワース・カイパーベルト（レディクレ2023）,https://www.tiktok.com/@ppppeople1/video/7318267844117024001?is_from_webapp=1&sender_device=pc&web_id=7447740561253926407
150,TikTok,HBDM（CDJ2324）,https://www.tiktok.com/@ppppeople1/video/7318758241012436226?is_from_webapp=1&sender_device=pc&web_id=7447740561253926407
151,TikTok,犬園（レディクレ2023）,https://www.tiktok.com/@ppppeople1/video/7320613664241831175?is_from_webapp=1&sender_device=pc&web_id=7447740561253926407
152,TikTok,怪獣（嘘P）,https://www.tiktok.com/@ppppeople1/video/7322822926191824146?is_from_webapp=1&sender_device=pc&web_id=7447740561253926407
153,TikTok,PEOPLE 1も世界 PV（僕ぱ）,https://www.tiktok.com/@ppppeople1/video/7323905976866786568?is_from_webapp=1&sender_device=pc&web_id=7447740561253926407
154,TikTok,銃の部品（FUKUOKA MUSIC FES.2024）,https://www.tiktok.com/@ppppeople1/video/7326535341400263943?is_from_webapp=1&sender_device=pc&web_id=7447740561253926407
155,TikTok,犬園（FUKUOKA MUSIC FES.2024）,https://www.tiktok.com/@ppppeople1/video/7326889000197754130?is_from_webapp=1&sender_device=pc&web_id=7447740561253926407
156,TikTok,怪獣（LOVE2）,https://www.tiktok.com/@ppppeople1/video/7336574569412627719?is_from_webapp=1&sender_device=pc&web_id=7447740561253926407
157,TikTok,DOGLAND（ヘッドフォンを外して）,https://www.tiktok.com/@ppppeople1/video/7341708280663690503?is_from_webapp=1&sender_device=pc&web_id=7447740561253926407
158,TikTok,銃の部品（ヘッドフォンを外して）,https://www.tiktok.com/@ppppeople1/video/7342085125317938439?is_from_webapp=1&sender_device=pc&web_id=7447740561253926407
159,TikTok,高円寺にて（GOODFLAGS）,https://www.tiktok.com/@ppppeople1/video/7347550880415190280?is_from_webapp=1&sender_device=pc&web_id=7447740561253926407
160,TikTok,スクール（ツタロック）,https://www.tiktok.com/@ppppeople1/video/7349954011971341575?is_from_webapp=1&sender_device=pc&web_id=7447740561253926407
161,TikTok,鈴々（GoodFlags）,https://www.tiktok.com/@ppppeople1/video/7351383457206963474?is_from_webapp=1&sender_device=pc&web_id=7447740561253926407
162,TikTok,犬園（JJ2024）,https://www.tiktok.com/@ppppeople1/video/7367025126275042567?is_from_webapp=1&sender_device=pc&web_id=7447740561253926407
163,TikTok,鈴々（ロッキン2024）,https://www.tiktok.com/@ppppeople1/video/7402419718792989959?is_from_webapp=1&sender_device=pc&web_id=7447740561253926407
164,TikTok,idiot（ラブシャ2024）,https://www.tiktok.com/@ppppeople1/video/7410741113381833992?is_from_webapp=1&sender_device=pc&web_id=7447740561253926407
165,TikTok,メリバ（THISFES）,https://www.tiktok.com/@ppppeople1/video/7437132171963354386?is_from_webapp=1&sender_device=pc&web_id=7447740561253926407
166,TikTok,メリバ（THISFES）,https://www.tiktok.com/@ppppeople1/video/7437414783810342152?is_from_webapp=1&sender_device=pc&web_id=7447740561253926407
167,TikTok,DOGLAND（THISFES）,https://www.tiktok.com/@ppppeople1/video/7438194024940440850?is_from_webapp=1&sender_device=pc&web_id=7447740561253926407
